timestamp,home_team_name,away_team_name,Game Week,Pre-Match PPG (Home),Pre-Match PPG (Away),home_ppg,away_ppg,home_team_goal_count,away_team_goal_count,total_goal_count,total_goals_at_half_time,home_team_goal_count_half_time,away_team_goal_count_half_time,home_team_goal_timings,away_team_goal_timings,home_team_corner_count,away_team_corner_count,home_team_yellow_cards,home_team_red_cards,away_team_yellow_cards,away_team_red_cards,home_team_first_half_cards,home_team_second_half_cards,away_team_first_half_cards,away_team_second_half_cards,home_team_shots,away_team_shots,home_team_shots_on_target,away_team_shots_on_target,home_team_shots_off_target,away_team_shots_off_target,home_team_fouls,away_team_fouls,home_team_possession,away_team_possession,average_goals_per_match_pre_match,average_corners_per_match_pre_match,average_cards_per_match_pre_match,odds_ft_home_team_win,odds_ft_draw,odds_ft_away_team_win,odds_ft_over15,odds_ft_over25,odds_ft_over35,odds_ft_over45,odds_btts_yes,odds_btts_no,home_team_result
1149868800,Germany,Costa Rica,1.0,0.0,0.0,2.29,0.0,4,2,6,3,2,1,"6,17,61,87","12,73",-1,-1,0,0,1,0,0,0,1,0,-1,-1,-1,-1,-1,-1,-1,-1,-1,-1,0.0,0.0,0.0,0.0,0.0,0.0,0.0,0.0,0.0,0.0,0.0,0.0,W
1149879600,Poland,Ecuador,1.0,0.0,0.0,1.0,1.5,0,2,2,1,0,1,,"24,80",-1,-1,1,0,2,0,1,0,1,1,-1,-1,-1,-1,-1,-1,-1,-1,-1,-1,0.0,0.0,0.0,0.0,0.0,0.0,0.0,0.0,0.0,0.0,0.0,0.0,L
1149944400,England,Paraguay,1.0,0.0,0.0,2.2,1.0,1,0,1,1,1,0,3,,-1,-1,2,0,1,0,1,1,1,0,-1,-1,-1,-1,-1,-1,-1,-1,-1,-1,0.0,0.0,0.0,0.0,0.0,0.0,0.0,0.0,0.0,0.0,0.0,0.0,W
1149955200,Trinidad and Tobago,Sweden,1.0,0.0,0.0,0.33,1.25,0,0,0,0,0,0,,,-1,-1,2,1,1,0,1,2,0,1,-1,-1,-1,-1,-1,-1,-1,-1,-1,-1,0.0,0.0,0.0,0.0,0.0,0.0,0.0,0.0,0.0,0.0,0.0,0.0,D
1149966000,Argentina,Ivory Coast,1.0,0.0,0.0,2.2,1.0,2,1,3,2,2,0,"24,38",82,-1,-1,3,0,2,0,1,2,0,2,-1,-1,-1,-1,-1,-1,-1,-1,-1,-1,0.0,0.0,0.0,0.0,0.0,0.0,0.0,0.0,0.0,0.0,0.0,0.0,W
1150030800,Serbia and Montenegro,Netherlands,1.0,0.0,0.0,0.0,1.75,0,1,1,1,0,1,,18,-1,-1,4,0,2,0,1,3,0,2,-1,-1,-1,-1,-1,-1,-1,-1,-1,-1,0.0,0.0,0.0,0.0,0.0,0.0,0.0,0.0,0.0,0.0,0.0,0.0,L
1150041600,Mexico,Iran,1.0,0.0,0.0,1.0,0.33,3,1,4,2,1,1,"28,76,79",36,-1,-1,2,0,1,0,1,1,0,1,-1,-1,-1,-1,-1,-1,-1,-1,-1,-1,0.0,0.0,0.0,0.0,0.0,0.0,0.0,0.0,0.0,0.0,0.0,0.0,W
1150052400,Angola,Portugal,1.0,0.0,0.0,0.67,1.86,0,1,1,1,0,1,,4,-1,-1,3,0,2,0,2,1,1,1,-1,-1,-1,-1,-1,-1,-1,-1,-1,-1,0.0,0.0,0.0,0.0,0.0,0.0,0.0,0.0,0.0,0.0,0.0,0.0,L
1150117200,Australia,Japan,1.0,0.0,0.0,1.0,0.33,3,1,4,1,0,1,"84,89,90",26,-1,-1,4,0,3,0,1,3,2,1,-1,-1,-1,-1,-1,-1,-1,-1,-1,-1,0.0,0.0,0.0,0.0,0.0,0.0,0.0,0.0,0.0,0.0,0.0,0.0,W
1150128000,USMNT,Czech Republic,1.0,0.0,0.0,0.33,1.0,0,3,3,2,0,2,,"5,36,76",-1,-1,2,0,4,0,1,1,1,3,-1,-1,-1,-1,-1,-1,-1,-1,-1,-1,0.0,0.0,0.0,0.0,0.0,0.0,0.0,0.0,0.0,0.0,0.0,0.0,L
1150138800,Italy,Ghana,1.0,0.0,0.0,2.43,1.5,2,0,2,1,1,0,"40,83",,-1,-1,3,0,2,0,1,2,1,1,-1,-1,-1,-1,-1,-1,-1,-1,-1,-1,0.0,0.0,0.0,0.0,0.0,0.0,0.0,0.0,0.0,0.0,0.0,0.0,W
1150203600,South Korea,Togo,1.0,0.0,0.0,1.33,0.0,2,1,3,1,0,1,"54,72",31,-1,-1,2,0,3,1,1,1,2,2,-1,-1,-1,-1,-1,-1,-1,-1,-1,-1,0.0,0.0,0.0,0.0,0.0,0.0,0.0,0.0,0.0,0.0,0.0,0.0,W
1150214400,France,Switzerland,1.0,0.0,0.0,2.14,2.0,0,0,0,0,0,0,,,-1,-1,3,0,5,0,0,3,2,3,-1,-1,-1,-1,-1,-1,-1,-1,-1,-1,0.0,0.0,0.0,0.0,0.0,0.0,0.0,0.0,0.0,0.0,0.0,0.0,D
1150225200,Brazil,Croatia,1.0,0.0,0.0,2.4,0.67,1,0,1,1,1,0,44,,-1,-1,1,0,3,0,1,0,1,2,-1,-1,-1,-1,-1,-1,-1,-1,-1,-1,0.0,0.0,0.0,0.0,0.0,0.0,0.0,0.0,0.0,0.0,0.0,0.0,W
1150290000,Spain,Ukraine,1.0,0.0,0.0,2.25,1.4,4,0,4,2,2,0,"13,17,48,81",,-1,-1,0,0,2,1,0,0,1,2,-1,-1,-1,-1,-1,-1,-1,-1,-1,-1,0.0,0.0,0.0,0.0,0.0,0.0,0.0,0.0,0.0,0.0,0.0,0.0,W
1150300800,Tunisia,Saudi Arabia,1.0,0.0,0.0,0.33,0.33,2,2,4,1,1,0,"23,90","57,84",-1,-1,4,0,0,0,2,2,0,0,-1,-1,-1,-1,-1,-1,-1,-1,-1,-1,0.0,0.0,0.0,0.0,0.0,0.0,0.0,0.0,0.0,0.0,0.0,0.0,D
1150311600,Germany,Poland,2.0,3.0,0.0,2.29,1.0,1,0,1,0,0,0,90,,-1,-1,3,0,3,1,0,3,2,2,-1,-1,-1,-1,-1,-1,-1,-1,-1,-1,4.0,0.0,1.0,0.0,0.0,0.0,0.0,0.0,0.0,0.0,0.0,0.0,W
1150376400,Ecuador,Costa Rica,2.0,3.0,0.0,1.5,0.0,3,0,3,1,1,0,"8,54,90",,-1,-1,3,0,2,0,1,2,2,0,-1,-1,-1,-1,-1,-1,-1,-1,-1,-1,4.0,0.0,3.0,0.0,0.0,0.0,0.0,0.0,0.0,0.0,0.0,0.0,W
1150387200,England,Trinidad and Tobago,2.0,3.0,1.0,2.2,0.33,2,0,2,0,0,0,"83,90",,-1,-1,1,0,5,0,0,1,3,2,-1,-1,-1,-1,-1,-1,-1,-1,-1,-1,0.5,0.0,5.0,0.0,0.0,0.0,0.0,0.0,0.0,0.0,0.0,0.0,W
1150398000,Sweden,Paraguay,2.0,1.0,0.0,1.25,1.0,1,0,1,0,0,0,89,,-1,-1,3,0,5,0,1,2,1,4,-1,-1,-1,-1,-1,-1,-1,-1,-1,-1,0.5,0.0,2.0,0.0,0.0,0.0,0.0,0.0,0.0,0.0,0.0,0.0,W
1150462800,Argentina,Serbia and Montenegro,2.0,3.0,0.0,2.2,0.0,6,0,6,3,3,0,"6,31,41,78,84,88",,-1,-1,1,0,3,1,1,0,3,1,-1,-1,-1,-1,-1,-1,-1,-1,-1,-1,2.0,0.0,7.0,0.0,0.0,0.0,0.0,0.0,0.0,0.0,0.0,0.0,W
1150473600,Netherlands,Ivory Coast,2.0,3.0,0.0,1.75,1.0,2,1,3,3,2,1,"23,26",38,-1,-1,4,0,3,0,2,2,2,1,-1,-1,-1,-1,-1,-1,-1,-1,-1,-1,2.0,0.0,4.0,0.0,0.0,0.0,0.0,0.0,0.0,0.0,0.0,0.0,W
1150484400,Mexico,Angola,2.0,3.0,0.0,1.0,0.67,0,0,0,0,0,0,,,-1,-1,1,0,4,1,0,1,2,3,-1,-1,-1,-1,-1,-1,-1,-1,-1,-1,2.5,0.0,5.0,0.0,0.0,0.0,0.0,0.0,0.0,0.0,0.0,0.0,D
1150549200,Portugal,Iran,2.0,3.0,0.0,1.86,0.33,2,0,2,0,0,0,"63,80",,-1,-1,3,0,4,0,1,2,2,2,-1,-1,-1,-1,-1,-1,-1,-1,-1,-1,2.5,0.0,3.0,0.0,0.0,0.0,0.0,0.0,0.0,0.0,0.0,0.0,W
1150560000,Czech Republic,Ghana,2.0,3.0,0.0,1.0,1.5,0,2,2,1,0,1,,"2,82",-1,-1,1,1,6,0,0,2,2,4,-1,-1,-1,-1,-1,-1,-1,-1,-1,-1,2.5,0.0,6.0,0.0,0.0,0.0,0.0,0.0,0.0,0.0,0.0,0.0,L
1150570800,Italy,USMNT,2.0,3.0,0.0,2.43,0.33,1,1,2,2,1,1,22,27,-1,-1,2,1,1,2,2,1,2,1,-1,-1,-1,-1,-1,-1,-1,-1,-1,-1,2.5,0.0,5.0,0.0,0.0,0.0,0.0,0.0,0.0,0.0,0.0,0.0,D
1150635600,Japan,Croatia,2.0,0.0,0.0,0.33,0.67,0,0,0,0,0,0,,,-1,-1,3,0,2,0,2,1,1,1,-1,-1,-1,-1,-1,-1,-1,-1,-1,-1,2.5,0.0,6.0,0.0,0.0,0.0,0.0,0.0,0.0,0.0,0.0,0.0,D
1150646400,Brazil,Australia,2.0,3.0,3.0,2.4,1.0,2,0,2,0,0,0,"49,89",,-1,-1,3,0,2,0,2,1,2,0,-1,-1,-1,-1,-1,-1,-1,-1,-1,-1,2.5,0.0,5.0,0.0,0.0,0.0,0.0,0.0,0.0,0.0,0.0,0.0,W
1150657200,France,South Korea,2.0,1.0,3.0,2.14,1.33,1,1,2,1,1,0,9,81,-1,-1,2,0,2,0,0,2,2,0,-1,-1,-1,-1,-1,-1,-1,-1,-1,-1,1.5,0.0,5.0,0.0,0.0,0.0,0.0,0.0,0.0,0.0,0.0,0.0,D
1150722000,Togo,Switzerland,2.0,0.0,1.0,0.0,2.0,0,2,2,1,0,1,,"16,88",-1,-1,3,0,1,0,1,2,0,1,-1,-1,-1,-1,-1,-1,-1,-1,-1,-1,1.5,0.0,9.0,0.0,0.0,0.0,0.0,0.0,0.0,0.0,0.0,0.0,L
1150732800,Saudi Arabia,Ukraine,2.0,1.0,0.0,0.33,1.4,0,4,4,2,0,2,,"3,36,46,84",-1,-1,3,0,3,0,1,2,1,2,-1,-1,-1,-1,-1,-1,-1,-1,-1,-1,4.0,0.0,4.0,0.0,0.0,0.0,0.0,0.0,0.0,0.0,0.0,0.0,L
1150743600,Spain,Tunisia,2.0,3.0,1.0,2.25,0.33,3,1,4,1,0,1,"71,76,90",8,-1,-1,2,0,6,0,1,1,2,4,-1,-1,-1,-1,-1,-1,-1,-1,-1,-1,4.0,0.0,4.0,0.0,0.0,0.0,0.0,0.0,0.0,0.0,0.0,0.0,W
1150812000,Ecuador,Germany,3.0,3.0,3.0,1.5,2.29,0,3,3,2,0,2,,"4,44,57",-1,-1,1,0,1,0,0,1,0,1,-1,-1,-1,-1,-1,-1,-1,-1,-1,-1,3.0,0.0,4.0,0.0,0.0,0.0,0.0,0.0,0.0,0.0,0.0,0.0,L
1150812000,Costa Rica,Poland,3.0,0.0,0.0,0.0,1.0,1,2,3,2,1,1,24,"33,66",-1,-1,5,0,5,0,3,2,3,2,-1,-1,-1,-1,-1,-1,-1,-1,-1,-1,3.0,0.0,4.0,0.0,0.0,0.0,0.0,0.0,0.0,0.0,0.0,0.0,L
1150830000,Sweden,England,3.0,2.0,3.0,1.25,2.2,2,2,4,1,0,1,"51,90","34,85",-1,-1,2,0,1,0,0,2,0,1,-1,-1,-1,-1,-1,-1,-1,-1,-1,-1,1.0,0.0,3.5,0.0,0.0,0.0,0.0,0.0,0.0,0.0,0.0,0.0,D
1150830000,Paraguay,Trinidad and Tobago,3.0,0.0,0.5,1.0,0.33,2,0,2,1,1,0,"25,86",,-1,-1,2,0,2,0,1,1,1,1,-1,-1,-1,-1,-1,-1,-1,-1,-1,-1,1.0,0.0,7.0,0.0,0.0,0.0,0.0,0.0,0.0,0.0,0.0,0.0,W
1150898400,Portugal,Mexico,3.0,3.0,2.0,1.86,1.0,2,1,3,3,2,1,"6,24",29,-1,-1,4,0,4,1,1,3,2,3,-1,-1,-1,-1,-1,-1,-1,-1,-1,-1,1.75,0.0,4.0,0.0,0.0,0.0,0.0,0.0,0.0,0.0,0.0,0.0,W
1150898400,Iran,Angola,3.0,0.0,0.5,0.33,0.67,1,1,2,0,0,0,75,60,-1,-1,3,0,3,0,1,2,2,1,-1,-1,-1,-1,-1,-1,-1,-1,-1,-1,1.75,0.0,6.5,0.0,0.0,0.0,0.0,0.0,0.0,0.0,0.0,0.0,D
1150916400,Netherlands,Argentina,3.0,3.0,3.0,1.75,2.2,0,0,0,0,0,0,,,-1,-1,3,0,2,0,2,1,0,2,-1,-1,-1,-1,-1,-1,-1,-1,-1,-1,3.25,0.0,5.0,0.0,0.0,0.0,0.0,0.0,0.0,0.0,0.0,0.0,D
1150916400,Ivory Coast,Serbia and Montenegro,3.0,0.0,0.0,1.0,0.0,3,2,5,3,1,2,"37,67,86","10,20",-1,-1,3,1,4,1,3,1,4,1,-1,-1,-1,-1,-1,-1,-1,-1,-1,-1,3.25,0.0,7.0,0.0,0.0,0.0,0.0,0.0,0.0,0.0,0.0,0.0,W
1150984800,Czech Republic,Italy,3.0,1.5,2.0,1.0,2.43,0,2,2,1,0,1,,"26,87",-1,-1,1,1,1,0,2,0,1,0,-1,-1,-1,-1,-1,-1,-1,-1,-1,-1,2.25,0.0,7.0,0.0,0.0,0.0,0.0,0.0,0.0,0.0,0.0,0.0,L
1150984800,Ghana,USMNT,3.0,1.5,0.5,1.5,0.33,2,1,3,3,2,1,"22,45",43,-1,-1,4,0,1,0,2,2,1,0,-1,-1,-1,-1,-1,-1,-1,-1,-1,-1,2.25,0.0,7.0,0.0,0.0,0.0,0.0,0.0,0.0,0.0,0.0,0.0,W
1151002800,Japan,Brazil,3.0,0.5,3.0,0.33,2.4,1,4,5,2,1,1,34,"45,53,59,81",-1,-1,1,0,1,0,1,0,1,0,-1,-1,-1,-1,-1,-1,-1,-1,-1,-1,1.75,0.0,5.0,0.0,0.0,0.0,0.0,0.0,0.0,0.0,0.0,0.0,L
1151002800,Croatia,Australia,3.0,0.5,1.5,0.67,1.0,2,2,4,2,1,1,"2,56","38,79",-1,-1,4,2,1,1,2,4,0,2,-1,-1,-1,-1,-1,-1,-1,-1,-1,-1,1.75,0.0,5.5,0.0,0.0,0.0,0.0,0.0,0.0,0.0,0.0,0.0,D
1151071200,Saudi Arabia,Spain,3.0,0.5,3.0,0.33,2.25,0,1,1,1,0,1,,36,-1,-1,2,0,3,0,1,1,2,1,-1,-1,-1,-1,-1,-1,-1,-1,-1,-1,4.0,0.0,2.5,0.0,0.0,0.0,0.0,0.0,0.0,0.0,0.0,0.0,L
1151071200,Ukraine,Tunisia,3.0,1.5,0.5,1.4,0.33,1,0,1,0,0,0,70,,-1,-1,4,0,3,1,1,3,3,1,-1,-1,-1,-1,-1,-1,-1,-1,-1,-1,4.0,0.0,8.5,0.0,0.0,0.0,0.0,0.0,0.0,0.0,0.0,0.0,W
1151089200,Togo,France,3.0,0.0,1.0,0.0,2.14,0,2,2,0,0,0,,"55,61",-1,-1,3,0,1,0,2,1,1,0,-1,-1,-1,-1,-1,-1,-1,-1,-1,-1,1.75,0.0,6.0,0.0,0.0,0.0,0.0,0.0,0.0,0.0,0.0,0.0,L
1151089200,Switzerland,South Korea,3.0,2.0,2.0,2.0,1.33,2,0,2,1,1,0,"23,77",,-1,-1,5,0,5,0,1,4,2,3,-1,-1,-1,-1,-1,-1,-1,-1,-1,-1,1.75,0.0,5.0,0.0,0.0,0.0,0.0,0.0,0.0,0.0,0.0,0.0,W
1151161200,Germany,Sweden,,3.0,1.67,2.29,1.25,2,0,2,2,2,0,"4,12",,-1,-1,1,0,3,1,1,0,2,2,-1,-1,-1,-1,-1,-1,-1,-1,-1,-1,2.5,0.0,3.33,0.0,0.0,0.0,0.0,0.0,0.0,0.0,0.0,0.0,W
1151175600,Argentina,Mexico,,2.33,1.33,2.2,1.0,2,1,3,2,1,1,"9,98",6,-1,-1,2,0,4,0,1,1,0,4,-1,-1,-1,-1,-1,-1,-1,-1,-1,-1,2.67,0.0,4.67,0.0,0.0,0.0,0.0,0.0,0.0,0.0,0.0,0.0,W
1151247600,England,Ecuador,,2.33,2.0,2.2,1.5,1,0,1,0,0,0,60,,-1,-1,3,0,3,0,1,2,2,1,-1,-1,-1,-1,-1,-1,-1,-1,-1,-1,2.5,0.0,3.33,0.0,0.0,0.0,0.0,0.0,0.0,0.0,0.0,0.0,W
1151262000,Portugal,Netherlands,,3.0,2.33,1.86,1.75,1,0,1,1,1,0,23,,-1,-1,7,2,5,2,3,6,2,5,-1,-1,-1,-1,-1,-1,-1,-1,-1,-1,1.67,0.0,6.0,0.0,0.0,0.0,0.0,0.0,0.0,0.0,0.0,0.0,W
1151334000,Italy,Australia,,2.33,1.33,2.43,1.0,1,0,1,0,0,0,90'5,,-1,-1,3,1,3,0,1,3,1,2,-1,-1,-1,-1,-1,-1,-1,-1,-1,-1,2.67,0.0,5.34,0.0,0.0,0.0,0.0,0.0,0.0,0.0,0.0,0.0,W
1151348400,Switzerland,Ukraine,,2.33,2.0,2.0,1.4,0,0,0,0,0,0,,,-1,-1,1,0,0,0,0,1,0,0,-1,-1,-1,-1,-1,-1,-1,-1,-1,-1,2.17,0.0,7.34,0.0,0.0,0.0,0.0,0.0,0.0,0.0,0.0,0.0,D
1151420400,Brazil,Ghana,,3.0,2.0,2.4,1.5,3,0,3,2,2,0,"5,45,84",,-1,-1,2,0,5,1,2,0,4,2,-1,-1,-1,-1,-1,-1,-1,-1,-1,-1,2.5,0.0,5.67,0.0,0.0,0.0,0.0,0.0,0.0,0.0,0.0,0.0,W
1151434800,Spain,France,,3.0,1.67,2.25,2.14,1,3,4,2,1,1,28,"41,83,90",-1,-1,1,0,3,0,0,1,0,3,-1,-1,-1,-1,-1,-1,-1,-1,-1,-1,2.17,0.0,3.67,0.0,0.0,0.0,0.0,0.0,0.0,0.0,0.0,0.0,L
1151679600,Germany,Argentina,,3.0,2.5,2.29,2.2,1,1,2,0,0,0,80,49,-1,-1,3,0,4,0,1,2,0,4,-1,-1,-1,-1,-1,-1,-1,-1,-1,-1,3.0,0.0,3.25,0.0,0.0,0.0,0.0,0.0,0.0,0.0,0.0,0.0,D
1151694000,Italy,Ukraine,,2.5,1.75,2.43,1.4,3,0,3,1,1,0,"6,59,69",,-1,-1,0,0,3,0,0,0,2,1,-1,-1,-1,-1,-1,-1,-1,-1,-1,-1,2.0,0.0,6.0,0.0,0.0,0.0,0.0,0.0,0.0,0.0,0.0,0.0,W
1151766000,England,Portugal,,2.5,3.0,2.2,1.86,0,0,0,0,0,0,,,-1,-1,2,1,2,0,1,2,1,1,-1,-1,-1,-1,-1,-1,-1,-1,-1,-1,1.88,0.0,6.25,0.0,0.0,0.0,0.0,0.0,0.0,0.0,0.0,0.0,D
1151780400,Brazil,France,,3.0,2.0,2.4,2.14,0,1,1,0,0,0,,57,-1,-1,4,0,3,0,3,1,0,3,-1,-1,-1,-1,-1,-1,-1,-1,-1,-1,2.38,0.0,4.0,0.0,0.0,0.0,0.0,0.0,0.0,0.0,0.0,0.0,L
1152039600,Germany,Italy,,2.6,2.6,2.29,2.43,0,2,2,0,0,0,,"119,120",-1,-1,2,0,1,0,1,1,0,1,-1,-1,-1,-1,-1,-1,-1,-1,-1,-1,2.4,0.0,4.2,0.0,0.0,0.0,0.0,0.0,0.0,0.0,0.0,0.0,L
1152126000,Portugal,France,,2.6,2.2,1.86,2.14,0,1,1,1,0,1,,33,-1,-1,1,0,1,0,0,1,0,1,-1,-1,-1,-1,-1,-1,-1,-1,-1,-1,1.6,0.0,6.4,0.0,0.0,0.0,0.0,0.0,0.0,0.0,0.0,0.0,L
1152385200,Germany,Portugal,,2.17,2.17,2.29,1.86,3,1,4,0,0,0,"56,61,78",88,-1,-1,2,0,3,0,1,1,2,1,-1,-1,-1,-1,-1,-1,-1,-1,-1,-1,2.0,0.0,5.17,0.0,0.0,0.0,0.0,0.0,0.0,0.0,0.0,0.0,W
1152468000,Italy,France,,2.67,2.33,2.43,2.14,1,1,2,2,1,1,19,7,-1,-1,1,0,3,1,1,0,1,3,-1,-1,-1,-1,-1,-1,-1,-1,-1,-1,1.84,0.0,4.5,0.0,0.0,0.0,0.0,0.0,0.0,0.0,0.0,0.0,D
1276264800,South Africa,Mexico,1.0,0.0,0.0,1.33,1.0,1,1,2,0,0,0,55,79,4,5,2,0,2,0,1,1,1,1,10,13,6,6,4,7,17,13,42,58,0.0,0.0,0.0,0.0,0.0,0.0,0.0,0.0,0.0,0.0,0.0,0.0,D
1276281000,Uruguay,France,1.0,0.0,0.0,1.57,0.33,0,0,0,0,0,0,,,0,4,3,1,3,0,0,4,2,1,7,13,4,4,3,9,13,20,49,51,0.0,0.0,0.0,0.0,0.0,0.0,0.0,0.0,0.0,0.0,0.0,0.0,D
1276342200,South Korea,Greece,1.0,0.0,0.0,1.0,1.0,2,0,2,1,1,0,"7,52",,6,11,0,0,1,0,0,0,0,1,12,8,8,3,4,5,14,12,51,49,0.0,0.0,0.0,0.0,0.0,0.0,0.0,0.0,0.0,0.0,0.0,0.0,W
1276351200,Argentina,Nigeria,1.0,0.0,0.0,2.4,0.33,1,0,1,1,1,0,6,,10,4,1,0,1,0,1,0,0,1,16,10,8,2,8,8,7,8,59,41,0.0,0.0,0.0,0.0,0.0,0.0,0.0,0.0,0.0,0.0,0.0,0.0,W
1276367400,England,USMNT,1.0,0.0,0.0,1.25,1.25,1,1,2,2,1,1,4,40,7,4,3,0,3,0,1,2,1,2,16,12,9,5,7,7,12,12,57,43,0.0,0.0,0.0,0.0,0.0,0.0,0.0,0.0,0.0,0.0,0.0,0.0,D
1276428600,Algeria,Slovenia,1.0,0.0,0.0,0.33,1.33,0,1,1,0,0,0,,79,4,3,2,1,2,0,0,3,1,1,11,7,3,5,8,2,16,10,52,48,0.0,0.0,0.0,0.0,0.0,0.0,0.0,0.0,0.0,0.0,0.0,0.0,L
1276437600,Serbia,Ghana,1.0,0.0,0.0,1.0,1.6,0,1,1,0,0,0,,84,4,4,3,1,2,0,1,3,1,1,11,13,3,4,8,9,10,15,51,49,0.0,0.0,0.0,0.0,0.0,0.0,0.0,0.0,0.0,0.0,0.0,0.0,L
1276453800,Germany,Australia,1.0,0.0,0.0,2.14,1.33,4,0,4,2,2,0,"8,26,67,70",,4,7,2,0,3,1,1,1,1,3,17,9,11,3,6,6,10,18,59,41,0.0,0.0,0.0,0.0,0.0,0.0,0.0,0.0,0.0,0.0,0.0,0.0,W
1276515000,Netherlands,Denmark,1.0,0.0,0.0,2.57,1.0,2,0,2,0,0,0,"46,85",,6,2,2,0,1,0,1,1,0,1,15,8,8,4,7,4,13,20,56,44,0.0,0.0,0.0,0.0,0.0,0.0,0.0,0.0,0.0,0.0,0.0,0.0,W
1276524000,Japan,Cameroon,1.0,0.0,0.0,1.75,0.0,1,0,1,1,1,0,39,,0,3,1,0,1,0,0,1,0,1,5,8,5,4,0,4,20,29,45,55,0.0,0.0,0.0,0.0,0.0,0.0,0.0,0.0,0.0,0.0,0.0,0.0,W
1276540200,Italy,Paraguay,1.0,0.0,0.0,0.67,1.2,1,1,2,1,0,1,63,39,8,4,1,0,1,0,0,1,0,1,8,8,6,2,2,6,15,15,54,46,0.0,0.0,0.0,0.0,0.0,0.0,0.0,0.0,0.0,0.0,0.0,0.0,D
1276601400,New Zealand,Slovakia,1.0,0.0,0.0,1.0,1.0,1,1,2,0,0,0,90,50,3,10,2,0,1,0,1,1,0,1,8,12,3,4,5,8,17,15,55,45,0.0,0.0,0.0,0.0,0.0,0.0,0.0,0.0,0.0,0.0,0.0,0.0,D
1276610400,Ivory Coast,Portugal,1.0,0.0,0.0,1.33,1.25,0,0,0,0,0,0,,,6,4,2,0,1,0,2,0,1,0,6,8,2,3,4,5,18,13,50,50,0.0,0.0,0.0,0.0,0.0,0.0,0.0,0.0,0.0,0.0,0.0,0.0,D
1276626600,Brazil,North Korea,1.0,0.0,0.0,2.0,0.0,2,1,3,0,0,0,"55,72",89,7,3,1,0,0,0,0,1,0,0,23,11,11,4,12,7,9,10,65,35,0.0,0.0,0.0,0.0,0.0,0.0,0.0,0.0,0.0,0.0,0.0,0.0,W
1276687800,Honduras,Chile,1.0,0.0,0.0,0.33,1.5,0,1,1,1,0,1,,34,4,6,1,0,2,0,1,0,2,0,6,18,3,6,3,12,15,21,45,55,0.0,0.0,0.0,0.0,0.0,0.0,0.0,0.0,0.0,0.0,0.0,0.0,L
1276696800,Spain,Switzerland,1.0,0.0,0.0,2.57,1.33,0,1,1,0,0,0,,52,12,3,0,0,4,0,0,0,1,3,21,8,8,5,13,3,8,21,68,32,0.0,0.0,0.0,0.0,0.0,0.0,0.0,0.0,0.0,0.0,0.0,0.0,L
1276713000,South Africa,Uruguay,2.0,1.0,1.0,1.33,1.57,0,3,3,1,0,1,,"24,80,90",3,4,2,1,0,0,2,1,0,0,9,19,4,7,5,12,13,10,53,47,1.0,4.0,6.0,0.0,0.0,0.0,0.0,0.0,0.0,0.0,0.0,0.0,L
1276774200,Argentina,South Korea,2.0,3.0,3.0,2.4,1.0,4,1,5,3,2,1,"16,33,76,80",45,6,2,3,0,2,0,0,3,2,0,22,12,12,3,10,9,19,19,58,42,1.5,16.0,1.0,0.0,0.0,0.0,0.0,0.0,0.0,0.0,0.0,0.0,W
1276783200,Greece,Nigeria,2.0,0.0,0.0,1.0,0.33,2,1,3,2,1,1,"44,71",16,11,3,3,0,1,1,1,2,1,1,23,9,12,5,11,4,13,15,56,44,1.5,15.0,2.0,0.0,0.0,0.0,0.0,0.0,0.0,0.0,0.0,0.0,W
1276799400,France,Mexico,2.0,1.0,1.0,0.33,1.0,0,2,2,0,0,0,,"64,79",7,1,2,0,4,0,1,1,1,3,11,13,5,6,6,7,22,25,53,47,1.0,9.0,5.0,0.0,0.0,0.0,0.0,0.0,0.0,0.0,0.0,0.0,L
1276860600,Germany,Serbia,2.0,3.0,0.0,2.14,1.0,0,1,1,1,0,1,,38,7,1,4,1,4,0,4,1,2,2,12,11,5,4,7,7,19,10,54,46,2.5,8.0,6.0,0.0,0.0,0.0,0.0,0.0,0.0,0.0,0.0,0.0,L
1276869600,Slovenia,USMNT,2.0,3.0,1.0,1.33,1.25,2,2,4,2,2,0,"13,42","48,82",2,4,4,0,1,0,1,3,1,0,7,13,5,7,2,6,15,18,52,48,1.5,7.0,5.0,0.0,0.0,0.0,0.0,0.0,0.0,0.0,0.0,0.0,D
1276885800,England,Algeria,2.0,1.0,0.0,1.25,0.33,0,0,0,0,0,0,,,10,3,1,0,1,0,0,1,0,1,12,7,6,2,6,5,14,13,51,49,1.5,11.0,6.0,0.0,0.0,0.0,0.0,0.0,0.0,0.0,0.0,0.0,D
1276947000,Netherlands,Japan,2.0,3.0,3.0,2.57,1.75,1,0,1,0,0,0,53,,4,5,1,0,0,0,1,0,0,0,8,11,6,4,2,7,18,11,62,38,1.5,6.0,3.0,0.0,0.0,0.0,0.0,0.0,0.0,0.0,0.0,0.0,W
1276956000,Ghana,Australia,2.0,3.0,0.0,1.6,1.33,1,1,2,2,1,1,25,11,6,1,3,0,1,1,1,2,1,1,17,9,7,6,10,3,22,18,49,51,2.5,11.0,7.0,0.0,0.0,0.0,0.0,0.0,0.0,0.0,0.0,0.0,D
1276972200,Cameroon,Denmark,2.0,0.0,0.0,0.0,1.0,1,2,3,2,1,1,10,"33,61",7,2,2,0,2,0,0,2,0,2,17,10,9,7,8,3,9,12,62,38,1.5,5.0,2.0,0.0,0.0,0.0,0.0,0.0,0.0,0.0,0.0,0.0,L
1277033400,Slovakia,Paraguay,2.0,1.0,1.0,1.0,1.2,0,2,2,1,0,1,,"27,86",3,1,3,0,1,0,1,2,1,0,5,12,2,6,3,6,15,17,53,47,2.0,14.0,2.0,0.0,0.0,0.0,0.0,0.0,0.0,0.0,0.0,0.0,L
1277042400,Italy,New Zealand,2.0,1.0,1.0,0.67,1.0,1,1,2,2,1,1,29,7,15,0,0,0,3,0,0,0,2,1,16,4,7,2,9,2,11,25,62,38,2.0,11.0,3.0,0.0,0.0,0.0,0.0,0.0,0.0,0.0,0.0,0.0,D
1277058600,Brazil,Ivory Coast,2.0,3.0,1.0,2.0,1.33,3,1,4,1,1,0,"25,50,62",79,4,3,1,1,3,0,0,2,1,2,11,8,7,5,4,3,17,23,59,41,1.5,13.0,3.0,0.0,0.0,0.0,0.0,0.0,0.0,0.0,0.0,0.0,W
1277119800,Portugal,North Korea,2.0,1.0,0.0,1.25,0.0,7,0,7,1,1,0,"29,53,56,60,81,87,89",,5,1,2,0,2,0,1,1,1,1,23,12,14,4,9,8,16,6,53,47,1.5,7.0,1.0,0.0,0.0,0.0,0.0,0.0,0.0,0.0,0.0,0.0,W
1277128800,Chile,Switzerland,2.0,3.0,3.0,1.5,1.33,1,0,1,0,0,0,75,,5,3,6,0,3,1,3,3,2,2,16,7,7,0,9,7,21,25,60,40,1.0,9.0,6.0,0.0,0.0,0.0,0.0,0.0,0.0,0.0,0.0,0.0,W
1277145000,Spain,Honduras,2.0,0.0,0.0,2.57,0.33,2,0,2,1,1,0,"17,51",,12,2,0,0,2,0,0,0,2,0,15,5,8,0,7,5,9,18,65,35,1.0,16.0,1.0,0.0,0.0,0.0,0.0,0.0,0.0,0.0,0.0,0.0,W
1277215200,Mexico,Uruguay,3.0,2.0,2.0,1.0,1.57,0,1,1,1,0,1,,43,6,7,2,0,1,0,0,2,0,1,8,13,3,6,5,7,20,13,63,37,1.75,5.0,5.0,0.0,0.0,0.0,0.0,0.0,0.0,0.0,0.0,0.0,L
1277215200,France,South Africa,3.0,0.5,0.5,0.33,1.33,1,2,3,2,0,2,70,"20,37",3,5,1,1,0,0,1,1,0,0,11,17,6,10,5,7,9,12,50,50,1.75,9.0,5.5,0.0,0.0,0.0,0.0,0.0,0.0,0.0,0.0,0.0,L
1277231400,Greece,Argentina,3.0,1.5,3.0,1.0,2.4,0,2,2,0,0,0,,"77,89",1,10,1,0,1,0,1,0,0,1,6,16,4,12,2,4,15,8,33,67,2.75,19.0,4.0,0.0,0.0,0.0,0.0,0.0,0.0,0.0,0.0,0.0,L
1277231400,Nigeria,South Korea,3.0,0.0,1.5,0.33,1.0,2,2,4,2,1,1,"12,69","38,49",1,7,3,0,1,0,3,0,0,1,13,16,5,9,8,7,20,11,46,54,2.75,7.5,3.0,0.0,0.0,0.0,0.0,0.0,0.0,0.0,0.0,0.0,D
1277301600,USMNT,Algeria,3.0,1.0,0.5,1.25,0.33,1,0,1,0,0,0,90,,4,6,2,0,3,1,0,2,1,3,21,16,11,5,10,11,11,21,53,47,1.75,7.5,4.0,0.0,0.0,0.0,0.0,0.0,0.0,0.0,0.0,0.0,W
1277301600,Slovenia,England,3.0,2.0,1.0,1.33,1.25,0,1,1,1,0,1,,23,2,11,3,0,1,0,1,2,0,1,12,14,7,9,5,5,19,20,46,54,1.75,11.0,5.0,0.0,0.0,0.0,0.0,0.0,0.0,0.0,0.0,0.0,L
1277317800,Australia,Serbia,3.0,0.5,1.5,1.33,1.0,2,1,3,0,0,0,"69,73",84,5,6,3,0,2,0,0,3,1,1,11,17,7,7,4,10,24,10,43,57,2.0,6.5,8.0,0.0,0.0,0.0,0.0,0.0,0.0,0.0,0.0,0.0,W
1277317800,Ghana,Germany,3.0,2.0,1.5,1.6,2.14,0,1,1,0,0,0,,60,4,7,1,0,1,0,1,0,1,0,16,13,6,7,10,6,11,5,45,55,2.0,10.5,6.0,0.0,0.0,0.0,0.0,0.0,0.0,0.0,0.0,0.0,L
1277388000,Paraguay,New Zealand,3.0,2.0,1.0,1.2,1.0,0,0,0,0,0,0,,,2,0,2,0,1,0,2,0,0,1,14,4,6,0,8,4,12,18,61,39,2.0,4.0,3.5,0.0,0.0,0.0,0.0,0.0,0.0,0.0,0.0,0.0,D
1277388000,Slovakia,Italy,3.0,0.5,1.0,1.0,0.67,3,2,5,1,1,0,"25,73,89","81,90",6,3,4,0,4,0,2,2,1,3,11,16,5,7,6,9,20,17,46,54,2.0,18.0,2.5,0.0,0.0,0.0,0.0,0.0,0.0,0.0,0.0,0.0,W
1277404200,Denmark,Japan,3.0,1.5,1.5,1.0,1.75,1,3,4,2,0,2,81,"17,30,87",7,2,3,0,2,0,1,2,2,0,14,15,7,10,7,5,22,10,55,45,1.75,4.5,2.0,0.0,0.0,0.0,0.0,0.0,0.0,0.0,0.0,0.0,L
1277404200,Cameroon,Netherlands,3.0,0.0,3.0,0.0,2.57,1,2,3,1,0,1,65,"36,83",6,1,2,0,3,0,1,1,1,2,12,15,4,9,8,6,18,15,51,49,1.75,10.0,3.0,0.0,0.0,0.0,0.0,0.0,0.0,0.0,0.0,0.0,L
1277474400,North Korea,Ivory Coast,3.0,0.0,0.5,0.0,1.33,0,3,3,2,0,2,,"14,20,82",0,7,0,0,0,0,0,0,0,0,7,26,5,16,2,10,13,16,37,63,3.5,6.5,3.5,0.0,0.0,0.0,0.0,0.0,0.0,0.0,0.0,0.0,L
1277474400,Portugal,Brazil,3.0,2.0,3.0,1.25,2.0,0,0,0,0,0,0,,,4,7,4,0,3,0,4,0,3,0,13,17,4,6,9,11,11,18,36,64,3.5,10.0,3.0,0.0,0.0,0.0,0.0,0.0,0.0,0.0,0.0,0.0,D
1277490600,Switzerland,Honduras,3.0,1.5,0.0,1.33,0.33,0,0,0,0,0,0,,,2,0,1,0,4,0,1,0,1,3,5,0,2,0,3,0,9,8,53,47,1.25,6.0,6.0,0.0,0.0,0.0,0.0,0.0,0.0,0.0,0.0,0.0,D
1277490600,Chile,Spain,3.0,3.0,1.5,1.5,2.57,1,2,3,2,0,2,47,"24,37",3,4,3,1,0,0,4,0,0,0,9,9,5,4,4,5,21,13,38,62,1.25,17.5,4.0,0.0,0.0,0.0,0.0,0.0,0.0,0.0,0.0,0.0,L
1277560800,Uruguay,South Korea,,2.33,1.33,1.57,1.0,2,1,3,1,1,0,"8,80",68,3,3,0,0,3,0,0,0,1,2,13,14,9,6,4,8,12,12,42,58,2.5,8.67,2.67,0.0,0.0,0.0,0.0,0.0,0.0,0.0,0.0,0.0,W
1277577000,USMNT,Ghana,,1.67,1.33,1.25,1.6,1,2,3,1,0,1,62,"5,93",5,4,3,0,2,0,2,1,0,2,17,14,7,7,10,7,11,18,47,53,1.83,8.67,4.0,0.0,0.0,0.0,0.0,0.0,0.0,0.0,0.0,0.0,L
1277647200,Germany,England,,2.0,1.67,2.14,1.25,4,1,5,3,2,1,"20,32,67,70",37,4,6,1,0,1,0,0,1,0,1,15,17,8,10,7,7,7,6,50,50,1.5,15.33,4.34,0.0,0.0,0.0,0.0,0.0,0.0,0.0,0.0,0.0,W
1277663400,Argentina,Mexico,,3.0,1.33,2.4,1.0,3,1,4,2,2,0,"26,33,52",71,2,5,0,0,1,0,0,0,1,0,10,17,7,7,3,10,11,26,49,51,2.17,12.67,4.34,0.0,0.0,0.0,0.0,0.0,0.0,0.0,0.0,0.0,W
1277733600,Netherlands,Slovakia,,3.0,1.33,2.57,1.0,2,1,3,1,1,0,"18,84",90,5,2,2,0,3,0,1,1,1,2,15,10,10,4,5,6,17,19,57,43,2.5,10.0,4.67,0.0,0.0,0.0,0.0,0.0,0.0,0.0,0.0,0.0,W
1277749800,Brazil,Chile,,2.33,2.0,2.0,1.5,3,0,3,2,2,0,"34,38,59",,8,6,2,0,3,0,1,1,0,3,18,11,7,4,11,7,14,18,49,51,2.0,10.67,6.0,0.0,0.0,0.0,0.0,0.0,0.0,0.0,0.0,0.0,W
1277820000,Paraguay,Japan,,1.67,2.0,1.2,1.75,0,0,0,0,0,0,,,6,5,1,0,4,0,0,1,0,4,10,11,6,6,4,5,26,29,60,40,1.67,4.66,2.33,0.0,0.0,0.0,0.0,0.0,0.0,0.0,0.0,0.0,D
1277836200,Spain,Portugal,,2.0,1.67,2.57,1.25,1,0,1,0,0,0,63,,6,3,1,0,1,1,0,1,0,2,19,10,11,4,8,6,13,18,65,35,2.17,13.66,2.33,0.0,0.0,0.0,0.0,0.0,0.0,0.0,0.0,0.0,W
1278079200,Netherlands,Brazil,,3.0,2.5,2.57,2.0,2,1,3,1,0,1,"53,68",10,4,8,4,0,1,1,1,3,1,1,7,10,6,4,1,6,19,20,55,45,2.38,10.5,4.0,0.0,0.0,0.0,0.0,0.0,0.0,0.0,0.0,0.0,W
1278095400,Uruguay,Ghana,,2.5,1.75,1.57,1.6,1,1,2,1,0,1,55,45,12,8,3,1,3,0,1,3,0,3,16,19,9,8,7,11,23,23,50,50,1.75,8.0,3.25,0.0,0.0,0.0,0.0,0.0,0.0,0.0,0.0,0.0,D
1278165600,Argentina,Germany,,3.0,2.25,2.4,2.14,0,4,4,1,0,1,,"3,68,74,89",5,4,2,0,1,0,1,1,1,0,20,18,8,7,12,11,20,14,59,41,2.88,12.5,3.5,0.0,0.0,0.0,0.0,0.0,0.0,0.0,0.0,0.0,L
1278181800,Paraguay,Spain,,1.5,2.25,1.2,2.57,0,1,1,0,0,0,,83,1,7,4,0,2,0,0,4,0,2,10,14,5,6,5,8,24,11,42,58,1.38,11.75,1.5,0.0,0.0,0.0,0.0,0.0,0.0,0.0,0.0,0.0,L
1278441000,Uruguay,Netherlands,,2.2,3.0,1.57,2.57,2,3,5,2,1,1,"41,90","18,70,73",4,5,2,0,3,0,2,0,1,2,13,12,7,8,6,4,15,16,45,55,2.1,9.2,4.4,0.0,0.0,0.0,0.0,0.0,0.0,0.0,0.0,0.0,L
1278527400,Germany,Spain,,2.4,2.4,2.14,2.57,0,1,1,0,0,0,,73,6,7,0,0,0,0,0,0,0,0,4,12,3,5,1,7,9,7,49,51,2.3,13.4,2.6,0.0,0.0,0.0,0.0,0.0,0.0,0.0,0.0,0.0,L
1278786600,Uruguay,Germany,,1.83,2.0,1.57,2.14,2,3,5,2,1,1,"28,51","19,56,82",6,12,1,0,3,0,0,1,2,1,14,17,8,8,6,9,13,11,44,56,2.5,10.33,3.67,0.0,0.0,0.0,0.0,0.0,0.0,0.0,0.0,0.0,L
1278873000,Netherlands,Spain,,3.0,2.5,2.57,2.57,0,1,1,0,0,0,,116,6,8,8,1,5,0,3,6,2,3,13,19,6,7,7,12,28,19,42,58,2.17,12.17,3.0,0.0,0.0,0.0,0.0,0.0,0.0,0.0,0.0,0.0,L
1402603200,Brazil,Croatia,1.0,0.0,0.0,1.57,1.0,3,1,4,2,1,1,"29,71,90'1",11,7,3,2,0,2,0,1,1,0,2,13,10,5,4,8,6,5,19,63,37,0.0,0.0,0.0,0.0,0.0,0.0,0.0,0.0,0.0,0.0,0.0,0.0,W
1402675200,Mexico,Cameroon,1.0,0.0,0.0,1.75,0.0,1,0,1,0,0,0,61,,2,5,1,0,1,0,0,1,0,1,7,12,3,4,4,8,10,10,55,45,0.0,0.0,0.0,0.0,0.0,0.0,0.0,0.0,0.0,0.0,0.0,0.0,W
1402686000,Spain,Netherlands,1.0,0.0,0.0,1.0,2.43,1,5,6,2,1,1,27,"44,53,64,72,80",4,1,1,0,3,0,0,1,2,1,8,6,5,6,3,0,6,18,61,39,0.0,0.0,0.0,0.0,0.0,0.0,0.0,0.0,0.0,0.0,0.0,0.0,L
1402696800,Chile,Australia,1.0,0.0,0.0,1.75,0.0,3,1,4,3,2,1,"12,14,90'2",35,3,1,1,0,3,0,0,1,1,2,7,12,5,3,2,9,10,18,59,41,0.0,0.0,0.0,0.0,0.0,0.0,0.0,0.0,0.0,0.0,0.0,0.0,W
1402761600,Colombia,Greece,1.0,0.0,0.0,2.4,1.25,3,0,3,1,1,0,"5,58,90'3",,4,4,1,0,2,0,1,0,0,2,9,13,5,8,4,5,20,13,44,56,0.0,0.0,0.0,0.0,0.0,0.0,0.0,0.0,0.0,0.0,0.0,0.0,W
1402772400,Uruguay,Costa Rica,1.0,0.0,0.0,1.5,1.8,1,3,4,1,1,0,24,"54,57,84",5,6,3,1,0,0,0,4,0,0,7,10,3,2,4,8,21,17,57,43,0.0,0.0,0.0,0.0,0.0,0.0,0.0,0.0,0.0,0.0,0.0,0.0,L
1402783200,England,Italy,1.0,0.0,0.0,0.33,1.0,1,2,3,2,1,1,37,"35,50",9,2,1,0,0,0,0,1,0,0,19,10,7,4,12,6,8,11,49,51,0.0,0.0,0.0,0.0,0.0,0.0,0.0,0.0,0.0,0.0,0.0,0.0,L
1402794000,Ivory Coast,Japan,1.0,0.0,0.0,1.0,0.33,2,1,3,1,0,1,"64,66",16,8,5,2,0,2,0,0,2,1,1,19,7,8,5,11,2,12,10,56,44,0.0,0.0,0.0,0.0,0.0,0.0,0.0,0.0,0.0,0.0,0.0,0.0,W
1402848000,Switzerland,Ecuador,1.0,0.0,0.0,1.5,1.33,2,1,3,1,0,1,"48,90'3",22,8,5,1,0,1,0,0,1,0,1,13,10,6,5,7,5,9,14,52,48,0.0,0.0,0.0,0.0,0.0,0.0,0.0,0.0,0.0,0.0,0.0,0.0,W
1402858800,France,Honduras,1.0,0.0,0.0,2.0,0.0,3,0,3,1,1,0,"45,48,72",,8,0,3,0,3,1,3,0,2,2,13,4,5,2,8,2,13,13,70,30,0.0,0.0,0.0,0.0,0.0,0.0,0.0,0.0,0.0,0.0,0.0,0.0,W
1402869600,Argentina,Bosnia-Herzegovina,1.0,0.0,0.0,2.29,1.0,2,1,3,1,1,0,"3,65",84,2,6,1,0,1,0,1,0,0,1,11,13,5,8,6,5,10,13,57,43,0.0,0.0,0.0,0.0,0.0,0.0,0.0,0.0,0.0,0.0,0.0,0.0,W
1402934400,Germany,Portugal,1.0,0.0,0.0,2.71,1.33,4,0,4,3,3,0,"12,32,45'1,78",,4,6,0,0,1,1,0,0,2,0,10,11,4,5,6,6,8,10,55,45,0.0,0.0,0.0,0.0,0.0,0.0,0.0,0.0,0.0,0.0,0.0,0.0,W
1402945200,Iran,Nigeria,1.0,0.0,0.0,0.33,1.0,0,0,0,0,0,0,,,2,7,1,0,0,0,0,1,0,0,7,12,3,7,4,5,18,17,25,75,0.0,0.0,0.0,0.0,0.0,0.0,0.0,0.0,0.0,0.0,0.0,0.0,D
1402956000,Ghana,USMNT,1.0,0.0,0.0,0.33,1.0,1,2,3,1,0,1,82,"1,86",7,3,2,0,0,0,1,1,0,0,21,8,9,6,12,2,10,11,64,36,0.0,0.0,0.0,0.0,0.0,0.0,0.0,0.0,0.0,0.0,0.0,0.0,L
1403020800,Belgium,Algeria,1.0,0.0,0.0,2.4,1.0,2,1,3,1,0,1,"70,80",25,7,2,1,0,1,0,1,0,1,0,14,3,7,0,7,3,18,17,66,34,0.0,0.0,0.0,0.0,0.0,0.0,0.0,0.0,0.0,0.0,0.0,0.0,W
1403031600,Brazil,Mexico,2.0,3.0,3.0,1.57,1.75,0,0,0,0,0,0,,,4,3,2,0,2,0,1,1,0,2,12,13,7,3,5,10,14,17,50,50,2.5,9.0,3.0,0.0,0.0,0.0,0.0,0.0,0.0,0.0,0.0,0.0,D
1403042400,Russia,South Korea,1.0,0.0,0.0,0.67,0.33,1,1,2,0,0,0,74,68,4,4,1,0,3,0,0,1,2,1,13,9,6,6,7,3,15,7,54,46,0.0,0.0,0.0,0.0,0.0,0.0,0.0,0.0,0.0,0.0,0.0,0.0,D
1403107200,Australia,Netherlands,2.0,0.0,3.0,0.0,2.43,2,3,5,2,1,1,"21,54","20,58,68",3,2,1,0,1,0,1,0,0,1,6,8,3,7,3,1,17,21,50,50,5.0,2.0,6.0,0.0,0.0,0.0,0.0,0.0,0.0,0.0,0.0,0.0,L
1403118000,Spain,Chile,2.0,0.0,3.0,1.0,1.75,0,2,2,2,0,2,,"19,43",7,1,1,0,2,0,1,0,1,1,18,6,9,3,9,3,14,13,63,37,5.0,7.0,2.0,0.0,0.0,0.0,0.0,0.0,0.0,0.0,0.0,0.0,L
1403128800,Cameroon,Croatia,2.0,0.0,0.0,0.0,1.0,0,4,4,1,0,1,,"11,48,61,73",4,7,0,1,1,0,1,0,0,1,12,17,2,9,10,8,11,8,43,57,2.5,8.0,3.0,0.0,0.0,0.0,0.0,0.0,0.0,0.0,0.0,0.0,L
1403193600,Colombia,Ivory Coast,2.0,3.0,3.0,2.4,1.0,2,1,3,0,0,0,"64,70",73,5,5,0,0,2,0,0,0,0,2,8,13,5,6,3,7,12,13,40,60,3.0,12.0,3.0,0.0,0.0,0.0,0.0,0.0,0.0,0.0,0.0,0.0,W
1403204400,Uruguay,England,2.0,0.0,0.0,1.5,0.33,2,1,3,1,1,0,"39,85",75,7,6,1,0,1,0,1,0,0,1,10,13,6,8,4,5,17,13,36,64,3.5,14.0,6.0,0.0,0.0,0.0,0.0,0.0,0.0,0.0,0.0,0.0,W
1403215200,Japan,Greece,2.0,0.0,0.0,0.33,1.25,0,0,0,0,0,0,,,5,7,1,0,3,1,1,0,2,2,13,11,6,7,7,4,24,17,69,31,3.0,9.0,4.0,0.0,0.0,0.0,0.0,0.0,0.0,0.0,0.0,0.0,D
1403280000,Italy,Costa Rica,2.0,3.0,3.0,1.0,1.8,0,1,1,1,0,1,,44,4,5,1,0,1,0,0,1,0,1,9,11,4,6,5,5,10,23,58,42,3.5,8.0,0.0,0.0,0.0,0.0,0.0,0.0,0.0,0.0,0.0,0.0,L
1403290800,Switzerland,France,2.0,3.0,3.0,1.5,2.0,2,5,7,3,0,3,"81,87","17,18,40,67,73",5,3,0,0,1,0,0,0,0,1,15,15,4,7,11,8,11,15,59,41,3.0,16.0,4.0,0.0,0.0,0.0,0.0,0.0,0.0,0.0,0.0,0.0,L
1403301600,Honduras,Ecuador,2.0,0.0,0.0,0.0,1.33,1,2,3,2,1,1,31,"34,65",4,12,2,0,3,0,2,0,0,3,9,8,4,3,5,5,12,11,38,62,3.0,5.0,5.0,0.0,0.0,0.0,0.0,0.0,0.0,0.0,0.0,0.0,L
1403366400,Argentina,Iran,2.0,3.0,1.0,2.29,0.33,1,0,1,0,0,0,90'1,,10,6,0,0,2,0,0,0,0,2,18,8,6,4,12,4,7,14,75,25,1.5,4.0,2.0,0.0,0.0,0.0,0.0,0.0,0.0,0.0,0.0,0.0,W
1403377200,Germany,Ghana,2.0,3.0,0.0,2.71,0.33,2,2,4,0,0,0,"51,71","54,63",7,3,0,0,1,0,0,0,0,1,10,14,3,6,7,8,11,17,60,40,3.5,11.0,2.0,0.0,0.0,0.0,0.0,0.0,0.0,0.0,0.0,0.0,D
1403388000,Nigeria,Bosnia-Herzegovina,2.0,1.0,0.0,1.0,1.0,1,0,1,1,1,0,29,,4,4,1,0,1,0,0,1,1,0,18,16,11,7,7,9,9,7,42,58,1.5,13.0,1.0,0.0,0.0,0.0,0.0,0.0,0.0,0.0,0.0,0.0,W
1403452800,Belgium,Russia,2.0,3.0,1.0,2.4,0.67,1,0,1,0,0,0,88,,5,8,2,0,1,0,0,2,1,0,7,10,4,4,3,6,13,7,53,47,2.5,11.0,2.0,0.0,0.0,0.0,0.0,0.0,0.0,0.0,0.0,0.0,W
1403463600,South Korea,Algeria,2.0,1.0,0.0,0.33,1.0,2,4,6,3,0,3,"50,72","26,28,38,62",7,5,2,0,1,0,0,2,0,1,9,12,4,3,5,9,13,16,53,47,2.5,6.0,4.0,0.0,0.0,0.0,0.0,0.0,0.0,0.0,0.0,0.0,L
1403474400,USMNT,Portugal,2.0,3.0,0.0,1.0,1.33,2,2,4,1,0,1,"64,81","5,90'5",6,4,1,0,0,0,0,1,0,0,12,17,7,6,5,11,10,13,48,52,3.5,9.0,3.0,0.0,0.0,0.0,0.0,0.0,0.0,0.0,0.0,0.0,D
1403539200,Australia,Spain,3.0,0.0,0.0,0.0,1.0,0,3,3,1,0,1,,"36,69,82",2,6,2,0,1,0,0,2,0,1,5,7,0,5,5,2,14,9,51,49,4.25,7.5,3.0,0.0,0.0,0.0,0.0,0.0,0.0,0.0,0.0,0.0,L
1403539200,Netherlands,Chile,3.0,3.0,3.0,2.43,1.75,2,0,2,0,0,0,"77,90'2",,2,7,1,0,1,0,0,1,1,0,9,11,4,3,5,8,25,14,38,62,4.25,3.5,3.5,0.0,0.0,0.0,0.0,0.0,0.0,0.0,0.0,0.0,W
1403553600,Cameroon,Brazil,3.0,0.0,2.0,0.0,1.57,1,4,5,3,1,2,26,"17,34,49,84",6,7,3,0,0,0,1,2,0,0,9,13,0,9,9,4,14,18,48,52,2.25,10.0,3.5,0.0,0.0,0.0,0.0,0.0,0.0,0.0,0.0,0.0,L
1403553600,Croatia,Mexico,3.0,1.5,2.0,1.0,1.75,1,3,4,0,0,0,87,"72,75,82",7,9,1,1,2,0,1,1,1,1,9,10,4,3,5,7,17,11,53,47,2.25,7.5,3.0,0.0,0.0,0.0,0.0,0.0,0.0,0.0,0.0,0.0,L
1403625600,Costa Rica,England,3.0,3.0,0.0,1.8,0.33,0,0,0,0,0,0,,,3,7,1,0,2,0,0,1,0,2,4,9,3,4,1,5,17,14,44,56,2.75,13.0,1.5,0.0,0.0,0.0,0.0,0.0,0.0,0.0,0.0,0.0,D
1403625600,Italy,Uruguay,3.0,1.5,1.5,1.0,1.5,0,1,1,0,0,0,,81,3,3,2,1,2,0,1,2,0,2,8,12,4,5,4,7,19,19,54,46,2.75,9.0,3.5,0.0,0.0,0.0,0.0,0.0,0.0,0.0,0.0,0.0,L
1403640000,Japan,Colombia,3.0,0.5,3.0,0.33,2.4,1,4,5,2,1,1,45'1,"17,55,82,89",9,2,1,0,1,0,1,0,0,1,20,16,9,10,11,6,8,18,58,42,2.25,9.5,2.0,0.0,0.0,0.0,0.0,0.0,0.0,0.0,0.0,0.0,L
1403640000,Greece,Ivory Coast,3.0,0.5,1.5,1.25,1.0,2,1,3,1,1,0,"42,90'3",74,4,7,0,0,3,0,0,0,1,2,11,9,3,4,8,5,9,21,50,50,2.25,12.0,5.0,0.0,0.0,0.0,0.0,0.0,0.0,0.0,0.0,0.0,W
1403712000,Nigeria,Argentina,3.0,2.0,3.0,1.0,2.29,2,3,5,3,1,2,"4,47","3,45'1,50",4,12,2,0,0,0,0,2,0,0,7,16,3,11,4,5,16,6,46,54,1.25,11.5,1.0,0.0,0.0,0.0,0.0,0.0,0.0,0.0,0.0,0.0,L
1403712000,Bosnia-Herzegovina,Iran,3.0,0.0,0.5,1.0,0.33,3,1,4,1,1,0,"23,59,83",82,6,5,1,0,1,0,0,1,0,1,8,5,4,3,4,2,18,16,59,41,1.25,9.0,2.5,0.0,0.0,0.0,0.0,0.0,0.0,0.0,0.0,0.0,W
1403726400,Honduras,Switzerland,3.0,0.0,1.5,0.0,1.5,0,3,3,2,0,2,,"6,31,71",8,1,1,0,0,0,0,1,0,0,18,13,9,9,9,4,18,16,64,36,4.0,8.5,3.5,0.0,0.0,0.0,0.0,0.0,0.0,0.0,0.0,0.0,L
1403726400,Ecuador,France,3.0,1.5,3.0,1.33,2.0,0,0,0,0,0,0,,,1,7,1,1,0,0,0,2,0,0,8,17,4,10,4,7,15,6,33,67,4.0,14.0,4.0,0.0,0.0,0.0,0.0,0.0,0.0,0.0,0.0,0.0,D
1403798400,Portugal,Ghana,3.0,0.5,0.5,1.33,0.33,2,1,3,1,1,0,"30,80",57,7,4,1,0,3,0,0,1,1,2,17,15,8,4,9,11,20,15,56,44,3.75,10.0,3.0,0.0,0.0,0.0,0.0,0.0,0.0,0.0,0.0,0.0,W
1403798400,USMNT,Germany,3.0,2.0,2.0,1.0,2.71,0,1,1,0,0,0,,55,2,3,2,0,1,0,1,1,1,0,5,10,2,6,3,4,15,10,37,63,3.75,10.0,0.5,0.0,0.0,0.0,0.0,0.0,0.0,0.0,0.0,0.0,L
1403812800,Algeria,Russia,3.0,1.5,0.5,1.0,0.67,1,1,2,1,0,1,60,6,3,4,3,0,2,0,1,2,0,2,9,10,7,5,2,5,16,13,43,57,3.0,9.5,2.0,0.0,0.0,0.0,0.0,0.0,0.0,0.0,0.0,0.0,D
1403812800,South Korea,Belgium,3.0,0.5,3.0,0.33,2.4,0,1,1,0,0,0,,77,7,4,1,0,1,1,1,0,1,1,16,13,7,8,9,5,16,11,54,46,3.0,11.5,4.0,0.0,0.0,0.0,0.0,0.0,0.0,0.0,0.0,0.0,L
1403971200,Brazil,Chile,,2.33,2.0,1.57,1.75,1,1,2,2,1,1,18,32,9,5,4,0,3,0,0,4,2,1,20,10,8,4,12,6,28,21,54,46,2.84,9.67,2.66,0.0,0.0,0.0,0.0,0.0,0.0,0.0,0.0,0.0,D
1403985600,Colombia,Uruguay,,3.0,2.0,2.4,1.5,2,0,2,1,1,0,"28,50",,3,5,1,0,2,0,0,1,0,2,9,16,6,8,3,8,18,17,51,49,3.17,8.67,3.34,0.0,0.0,0.0,0.0,0.0,0.0,0.0,0.0,0.0,W
1404057600,Netherlands,Mexico,,3.0,2.33,2.43,1.75,2,1,3,0,0,0,"88,90'4",48,10,2,0,0,3,0,0,0,0,3,12,12,5,6,7,6,6,11,58,42,3.0,6.34,3.34,0.0,0.0,0.0,0.0,0.0,0.0,0.0,0.0,0.0,W
1404072000,Costa Rica,Greece,,2.33,1.33,1.8,1.25,1,1,2,0,0,0,52,90'1,3,11,5,1,2,0,1,5,1,1,6,22,2,9,4,13,22,16,47,53,1.84,9.67,2.67,0.0,0.0,0.0,0.0,0.0,0.0,0.0,0.0,0.0,D
1404144000,France,Nigeria,,2.33,1.33,2.0,1.0,2,0,2,0,0,0,"79,90'2",,12,9,1,0,0,0,0,1,0,0,12,5,6,3,6,2,12,12,52,48,2.67,11.0,2.33,0.0,0.0,0.0,0.0,0.0,0.0,0.0,0.0,0.0,W
1404158400,Germany,Algeria,,2.33,1.33,2.71,1.0,2,1,3,0,0,0,"92,119",120'1,10,4,1,0,1,0,0,1,1,0,24,11,15,4,9,7,12,22,60,40,3.34,8.0,2.0,0.0,0.0,0.0,0.0,0.0,0.0,0.0,0.0,0.0,W
1404230400,Argentina,Switzerland,,3.0,2.0,2.29,1.5,1,0,1,0,0,0,118,,13,5,3,0,2,0,0,3,1,1,21,12,10,5,11,7,20,28,60,40,3.67,12.67,0.66,0.0,0.0,0.0,0.0,0.0,0.0,0.0,0.0,0.0,W
1404244800,Belgium,USMNT,,3.0,1.33,2.4,1.0,2,1,3,0,0,0,"93,105",107,19,4,1,0,1,0,1,0,1,0,33,13,19,6,14,7,26,11,49,51,2.17,9.0,3.0,0.0,0.0,0.0,0.0,0.0,0.0,0.0,0.0,0.0,W
1404489600,France,Germany,,2.5,2.5,2.0,2.71,0,1,1,1,0,1,,12,5,3,0,0,2,0,0,0,0,2,13,6,8,4,5,2,15,18,50,50,3.0,13.5,1.75,0.0,0.0,0.0,0.0,0.0,0.0,0.0,0.0,0.0,L
1404504000,Brazil,Colombia,,2.0,3.0,1.57,2.4,2,1,3,1,1,0,"7,68",80,4,6,2,0,2,0,0,2,0,2,12,9,5,4,7,5,27,22,45,55,3.0,10.25,2.75,0.0,0.0,0.0,0.0,0.0,0.0,0.0,0.0,0.0,W
1404576000,Argentina,Belgium,,3.0,3.0,2.29,2.4,1,0,1,1,1,0,8,,3,4,1,0,2,0,0,1,0,2,5,11,2,3,3,8,11,13,47,53,2.25,18.0,2.75,0.0,0.0,0.0,0.0,0.0,0.0,0.0,0.0,0.0,W
1404590400,Netherlands,Costa Rica,,3.0,2.0,2.43,1.8,0,0,0,0,0,0,,,11,1,2,0,4,0,0,2,1,3,12,5,9,2,3,3,15,14,72,28,2.88,8.0,3.25,0.0,0.0,0.0,0.0,0.0,0.0,0.0,0.0,0.0,D
1404849600,Brazil,Germany,,2.2,2.6,1.57,2.71,1,7,8,5,0,5,90,"11,23,24,26,29,69,79",7,5,1,0,0,0,0,1,0,0,14,7,9,4,5,3,11,11,56,44,2.7,11.6,2.8,0.0,0.0,0.0,0.0,0.0,0.0,0.0,0.0,0.0,L
1404936000,Netherlands,Argentina,,2.6,3.0,2.43,2.29,0,0,0,0,0,0,,,4,4,2,0,1,0,1,1,0,1,7,8,3,5,4,3,16,9,52,48,2.7,13.2,2.4,0.0,0.0,0.0,0.0,0.0,0.0,0.0,0.0,0.0,D
1405195200,Brazil,Netherlands,,1.83,2.33,1.57,2.43,0,3,3,2,0,2,,"3,16,90'1",4,1,3,0,2,0,1,2,2,0,10,6,3,3,7,3,14,20,56,44,3.17,11.33,3.33,0.0,0.0,0.0,0.0,0.0,0.0,0.0,0.0,0.0,L
1405278000,Germany,Argentina,,2.67,2.67,2.71,2.29,1,0,1,0,0,0,113,,5,3,2,0,2,0,2,0,0,2,8,9,6,0,2,9,21,15,60,40,2.67,12.66,1.67,0.0,0.0,0.0,0.0,0.0,0.0,0.0,0.0,0.0,W
1528988400,Russia,Saudi Arabia,1.0,0.0,0.0,1.6,1.0,5,0,5,2,2,0,"12,43,71,90'1,90'4",,6,2,1,0,1,0,0,1,0,1,11,4,8,0,3,4,22,10,38,62,0.0,0.0,0.0,1.5,4.3,8.25,1.44,2.35,4.55,10.0,2.55,1.44,W
1529064000,Egypt,Uruguay,1.0,0.0,0.0,0.0,2.4,0,1,1,0,0,0,,89,0,5,2,0,0,0,0,2,0,0,7,12,4,6,3,6,12,6,41,59,0.0,0.0,0.0,8.5,4.1,1.53,1.37,2.15,3.95,7.5,2.2,1.59,L
1529074800,Morocco,Iran,1.0,0.0,0.0,0.33,1.33,0,1,1,0,0,0,,90'5,5,2,1,0,3,0,1,0,1,2,10,9,4,3,6,6,22,14,67,33,0.0,0.0,0.0,2.35,3.0,3.75,1.62,2.95,6.15,15.0,2.25,1.56,L
1529085600,Portugal,Spain,1.0,0.0,0.0,1.25,1.5,3,3,6,3,2,1,"4,44,88","24,55,58",4,5,1,0,1,0,1,0,1,0,7,12,4,7,3,5,12,10,33,67,0.0,0.0,0.0,4.15,3.3,2.1,1.44,2.35,4.55,9.0,2.05,1.67,D
1529143200,France,Australia,1.0,0.0,0.0,2.71,0.33,2,1,3,0,0,0,"58,80",62,5,1,1,0,3,0,0,1,1,2,11,5,6,2,5,3,16,19,55,45,0.0,0.0,0.0,1.26,7.0,10.25,1.2,1.65,2.6,4.33,2.3,1.54,W
1529154000,Argentina,Iceland,1.0,0.0,0.0,1.0,0.33,1,1,2,2,1,1,19,23,10,2,0,0,0,0,0,0,0,0,18,8,8,3,10,5,10,15,77,23,0.0,0.0,0.0,1.33,5.3,11.0,1.27,1.87,3.2,5.5,2.25,1.56,D
1529164800,Peru,Denmark,1.0,0.0,0.0,1.0,1.5,0,1,1,0,0,0,,59,3,7,1,0,2,0,1,0,0,2,16,9,7,4,9,5,10,18,53,47,0.0,0.0,0.0,3.15,3.2,2.5,1.47,2.4,4.7,12.0,2.05,1.69,L
1529175600,Croatia,Nigeria,1.0,0.0,0.0,2.0,1.0,2,0,2,1,1,0,"32,71",,6,5,2,0,1,0,1,1,0,1,10,10,3,3,7,7,20,16,54,46,0.0,0.0,0.0,1.8,3.75,5.3,1.41,2.25,4.25,7.5,2.1,1.65,W
1529236800,Costa Rica,Serbia,1.0,0.0,0.0,0.33,1.0,0,1,1,0,0,0,,56,5,4,2,0,2,0,1,1,0,2,7,10,4,4,3,6,18,15,52,48,0.0,0.0,0.0,4.75,3.25,2.0,1.56,2.7,5.5,11.0,2.25,1.57,L
1529247600,Germany,Mexico,1.0,0.0,0.0,1.0,1.5,0,1,1,1,0,1,,35,8,1,2,0,2,0,0,2,1,1,18,12,10,5,8,7,10,16,66,34,0.0,0.0,0.0,1.5,4.75,7.25,1.23,1.74,2.85,41.0,1.91,1.8,L
1529258400,Brazil,Switzerland,1.0,0.0,0.0,2.0,1.25,1,1,2,1,1,0,20,50,7,2,1,0,3,0,0,1,1,2,16,7,6,3,10,4,11,19,54,46,0.0,0.0,0.0,1.47,4.65,9.0,1.31,1.95,3.5,7.0,2.1,1.67,D
1529323200,Sweden,South Korea,1.0,0.0,0.0,1.8,1.0,1,0,1,0,0,0,65,,6,5,1,0,2,0,0,1,1,1,10,3,5,0,5,3,20,23,55,45,0.0,0.0,0.0,2.35,3.05,3.75,1.59,2.8,5.75,11.0,2.25,1.57,W
1529334000,Belgium,Panama,1.0,0.0,0.0,2.57,0.0,3,0,3,0,0,0,"47,69,75",,9,3,3,0,5,0,1,2,2,3,14,7,7,3,7,4,17,18,61,39,0.0,0.0,0.0,1.2,6.8,20.25,1.2,1.65,2.6,34.0,2.45,1.48,W
1529344800,Tunisia,England,1.0,0.0,0.0,1.0,1.43,1,2,3,2,1,1,35,"11,90'1",2,7,0,0,1,0,0,0,1,0,5,17,2,9,3,8,14,8,39,61,0.0,0.0,0.0,8.75,4.35,1.48,1.36,2.1,3.9,8.0,2.35,1.51,L
1529409600,Colombia,Japan,1.0,0.0,0.0,1.75,1.0,1,2,3,2,1,1,39,"6,73",3,6,2,1,1,0,1,2,0,1,5,12,4,7,1,5,15,9,38,62,0.0,0.0,0.0,1.87,3.35,5.25,1.47,2.4,4.7,9.0,2.2,1.59,L
1529420400,Poland,Senegal,1.0,0.0,0.0,1.0,1.33,1,2,3,1,0,1,86,"37,60",3,3,1,0,2,0,1,0,0,2,11,7,5,3,6,4,8,15,61,39,0.0,0.0,0.0,2.4,3.1,3.5,1.5,2.5,5.0,21.0,2.1,1.65,L
1529431200,Russia,Egypt,2.0,3.0,0.0,1.6,0.0,3,1,4,0,0,0,"47,59,62",73,7,4,1,0,1,0,0,1,0,1,10,10,4,2,6,8,11,10,49,51,3.0,6.0,3.0,2.05,3.2,4.1,1.49,2.5,4.9,9.0,2.1,1.65,W
1529496000,Portugal,Morocco,2.0,1.0,0.0,1.25,0.33,1,0,1,1,1,0,4,,5,7,1,0,1,0,0,1,1,0,7,14,3,5,4,9,19,23,45,55,3.5,9.0,2.0,1.67,3.8,6.5,1.36,2.1,3.85,7.0,2.05,1.67,W
1529506800,Uruguay,Saudi Arabia,2.0,3.0,0.0,2.4,1.0,1,0,1,1,1,0,23,,3,4,0,0,0,0,0,0,0,0,10,7,4,3,6,4,10,13,47,53,3.0,7.0,1.0,1.23,6.2,18.5,1.22,1.71,2.8,9.5,2.35,1.51,W
1529517600,Iran,Spain,2.0,3.0,1.0,1.33,1.5,0,1,1,0,0,0,,54,2,6,2,0,0,0,0,2,0,0,8,11,0,6,8,5,14,14,22,78,3.5,7.0,4.0,15.5,5.95,1.25,1.27,1.83,3.15,5.5,2.45,1.48,L
1529582400,Denmark,Australia,2.0,3.0,0.0,1.5,0.33,1,1,2,2,1,1,7,38,3,5,2,0,0,0,1,1,0,0,11,9,6,5,5,4,7,5,47,53,2.0,8.0,5.0,2.05,3.3,4.2,1.48,2.45,4.8,10.0,2.15,1.62,D
1529593200,France,Peru,2.0,3.0,0.0,2.71,1.0,1,0,1,1,1,0,34,,5,3,2,0,2,0,1,1,1,1,11,9,5,3,6,6,11,15,43,57,2.0,8.0,2.0,1.59,3.9,7.0,1.39,2.2,4.15,10.0,2.2,1.59,W
1529604000,Argentina,Croatia,2.0,1.0,3.0,1.0,2.0,0,3,3,0,0,0,,"53,80,90'1",5,2,3,0,4,0,0,3,1,3,7,12,4,6,3,6,16,22,57,43,2.0,16.0,2.0,2.15,3.25,3.9,1.41,2.25,4.25,8.0,2.0,1.71,L
1529668800,Brazil,Costa Rica,2.0,1.0,0.0,2.0,0.33,2,0,2,0,0,0,"90'1,90'7",,9,1,2,0,1,0,0,2,0,1,21,4,11,0,10,4,11,11,71,29,1.5,12.0,3.0,1.2,6.1,19.75,1.27,1.87,3.2,6.0,2.7,1.41,W
1529679600,Nigeria,Iceland,2.0,0.0,1.0,1.0,0.33,2,0,2,0,0,0,"49,75",,6,5,1,0,0,0,1,0,0,0,11,9,5,4,6,5,9,10,61,39,2.0,7.0,1.0,3.0,3.1,2.8,1.53,2.6,5.2,29.0,2.05,1.67,W
1529690400,Serbia,Switzerland,2.0,3.0,1.0,1.0,1.25,1,2,3,1,1,0,5,"52,90",3,7,4,0,1,0,3,1,0,1,12,13,4,6,8,7,17,13,37,63,1.5,6.0,5.0,2.7,2.95,2.85,1.53,2.6,5.2,10.0,2.15,1.62,L
1529755200,Belgium,Tunisia,2.0,3.0,0.0,2.57,1.0,5,2,7,4,3,1,"6,16,45'3,51,90","18,90'3",5,2,0,0,1,0,0,0,1,0,21,14,13,6,8,8,12,13,49,51,3.0,11.0,3.0,1.34,5.05,12.5,1.29,1.91,3.25,6.0,2.15,1.61,W
1529766000,South Korea,Mexico,2.0,0.0,3.0,1.0,1.5,1,2,3,1,0,1,90'3,"26,66",7,5,4,0,0,0,0,4,0,0,9,13,7,6,2,7,24,7,41,59,1.0,6.0,4.0,5.75,3.55,1.77,1.45,2.4,4.65,7.0,2.2,1.59,L
1529776800,Germany,Sweden,2.0,0.0,3.0,1.0,1.8,2,1,3,1,0,1,"48,90'5",32,8,3,1,1,2,0,0,2,0,2,12,7,7,6,5,1,12,13,75,25,1.0,14.0,3.0,1.56,4.45,6.9,1.19,1.65,2.55,4.5,1.71,2.0,W
1529841600,England,Panama,2.0,3.0,0.0,1.43,0.0,6,1,7,5,5,0,"8,22,36,40,45'1,62",78,3,2,1,0,3,0,1,0,2,1,10,8,8,3,2,5,13,13,59,41,3.0,10.0,6.0,1.24,6.8,14.75,1.24,1.77,2.95,5.5,2.45,1.48,W
1529852400,Japan,Senegal,2.0,3.0,3.0,1.0,1.33,2,2,4,2,1,1,"34,78","11,71",2,5,2,0,3,0,0,2,0,3,6,13,4,8,2,5,8,15,56,44,3.0,9.0,3.0,3.35,3.2,2.45,1.43,2.3,4.4,9.0,1.95,1.74,D
1529863200,Poland,Colombia,2.0,0.0,0.0,1.0,1.75,0,3,3,1,0,1,,"40,70,75",7,5,2,0,0,0,0,2,0,0,5,10,3,5,2,5,15,10,45,55,3.0,6.0,5.0,3.3,3.3,2.4,1.43,2.3,4.4,7.5,1.95,1.77,L
1529935200,Uruguay,Russia,3.0,3.0,3.0,2.4,1.6,3,0,3,2,2,0,"10,23,90",,4,2,1,0,2,1,0,1,3,0,13,3,7,2,6,1,17,18,57,43,2.75,10.5,1.0,2.8,3.05,2.9,1.43,2.35,4.1,12.0,2.0,1.71,W
1529935200,Saudi Arabia,Egypt,3.0,0.0,0.0,1.0,0.0,2,1,3,2,1,1,"45'6,90'5",22,7,2,0,0,2,0,0,0,1,1,19,7,9,2,10,5,7,16,64,36,2.75,5.0,2.0,4.85,3.55,1.83,1.31,1.95,3.5,9.8,1.87,1.83,W
1529949600,Iran,Portugal,3.0,1.5,2.0,1.33,1.25,1,1,2,1,0,1,90'3,45,1,5,2,0,4,0,0,2,1,3,7,12,3,5,4,7,16,11,26,74,2.25,6.5,3.5,6.4,3.85,1.67,1.43,2.35,4.45,7.0,2.3,1.56,D
1529949600,Spain,Morocco,3.0,2.0,0.0,1.5,0.33,2,2,4,2,1,1,"19,90'1","14,81",7,1,0,0,6,0,0,0,4,2,18,6,6,4,12,2,5,17,74,26,2.25,11.5,1.5,1.36,5.1,10.75,1.23,1.71,2.8,4.5,2.0,1.71,D
1530021600,Denmark,France,3.0,2.0,3.0,1.5,2.71,0,0,0,0,0,0,,,4,2,1,0,0,0,1,0,0,0,4,11,3,4,1,7,10,10,32,68,1.75,10.0,3.5,5.2,2.75,2.1,1.49,2.5,4.9,9.0,2.1,1.67,D
1530021600,Australia,Peru,3.0,0.5,0.0,0.33,1.0,0,2,2,1,0,1,,"18,50",8,3,4,0,2,0,1,3,1,1,10,5,3,4,7,1,14,12,57,43,1.75,6.0,3.0,3.35,3.55,2.25,1.3,1.95,3.35,6.5,1.77,1.95,L
1530036000,Nigeria,Argentina,3.0,1.5,0.5,1.0,1.0,1,2,3,1,0,1,51,"14,86",3,5,2,0,3,0,1,1,0,3,9,7,4,5,5,2,20,15,33,67,2.25,13.0,2.5,6.2,4.7,1.54,1.2,1.67,2.65,4.33,1.77,1.95,L
1530036000,Iceland,Croatia,3.0,0.5,3.0,0.33,2.0,1,2,3,0,0,0,76,"53,90",10,5,3,0,2,0,0,3,1,1,15,11,7,3,8,8,10,11,38,62,2.25,7.5,3.0,3.4,3.35,2.2,1.38,2.15,4.05,7.5,1.91,1.77,L
1530108000,South Korea,Germany,3.0,0.0,1.5,1.0,1.0,2,0,2,0,0,0,"90'2,90'6",,3,9,4,0,0,0,2,2,0,0,11,20,6,7,5,13,16,7,26,74,2.0,14.0,5.0,15.0,7.25,1.16,1.12,1.41,2.0,3.5,1.91,1.8,W
1530108000,Mexico,Sweden,3.0,3.0,1.5,1.5,1.8,0,3,3,0,0,0,,"50,62,74",7,3,3,0,2,0,1,2,1,1,12,15,4,6,8,9,14,11,66,34,2.0,7.5,2.5,2.3,3.4,3.4,1.35,2.1,3.8,7.0,1.87,1.83,L
1530122400,Serbia,Brazil,3.0,1.5,2.0,1.0,2.0,0,2,2,1,0,1,,"36,68",5,9,3,0,0,0,1,2,0,0,8,10,3,7,5,3,13,7,42,58,2.0,11.5,4.5,6.0,4.2,1.62,1.21,1.67,2.7,4.5,1.69,2.05,L
1530122400,Switzerland,Costa Rica,3.0,2.0,0.0,1.25,0.33,2,2,4,1,1,0,"31,88","56,90'3",6,5,3,0,3,0,1,2,2,1,10,13,4,7,6,6,9,14,62,38,2.0,7.5,3.5,1.59,3.6,6.5,1.35,2.05,3.75,7.0,2.1,1.65,D
1530194400,Japan,Poland,3.0,2.0,0.0,1.0,1.0,0,1,1,0,0,0,,59,5,7,1,0,0,0,0,1,0,0,8,8,4,3,4,5,11,8,54,46,3.25,9.0,3.0,2.9,3.1,2.8,1.37,2.15,3.95,7.5,1.83,1.87,L
1530194400,Senegal,Colombia,3.0,2.0,1.5,1.33,1.75,0,1,1,0,0,0,,74,1,3,1,0,1,0,0,1,1,0,8,4,4,3,4,1,15,15,40,60,3.25,8.0,4.5,4.5,3.7,1.91,1.33,2.0,3.6,7.0,1.87,1.83,L
1530208800,England,Belgium,3.0,3.0,3.0,1.43,2.57,0,1,1,0,0,0,,51,7,2,0,0,2,0,0,0,2,0,9,8,3,5,6,3,11,14,46,54,5.0,12.0,2.5,2.7,2.9,3.1,1.45,2.4,4.65,10.0,1.95,1.77,L
1530208800,Panama,Tunisia,3.0,0.0,0.0,0.0,1.0,1,2,3,1,1,0,33,"51,66",0,6,3,0,3,0,0,3,1,2,9,12,5,7,4,5,18,19,30,70,5.0,4.5,4.5,4.95,3.7,1.83,1.25,1.8,3.0,6.5,1.69,2.05,L
1530367200,France,Argentina,,2.33,1.33,2.71,1.0,4,3,7,2,1,1,"13,57,64,68","41,48,90'3",0,4,3,0,5,0,0,3,3,2,9,6,5,5,4,1,21,15,39,61,2.0,10.67,3.0,2.4,3.0,3.4,1.53,2.65,5.3,9.5,2.05,1.67,W
1530381600,Uruguay,Portugal,,3.0,1.67,2.4,1.25,2,1,3,1,1,0,"7,62",55,2,10,0,0,1,0,0,0,0,1,6,14,4,6,2,8,13,13,32,68,2.34,8.67,2.33,3.0,2.8,2.9,1.65,3.0,6.3,15.0,2.35,1.51,W
1530453600,Spain,Russia,,1.67,2.0,1.5,1.6,1,1,2,2,1,1,11,41,6,5,1,0,2,0,1,0,0,2,17,6,10,2,7,4,5,19,78,22,3.84,11.0,2.0,1.56,4.1,6.4,1.28,1.87,3.2,6.0,1.91,1.8,D
1530468000,Croatia,Denmark,,3.0,1.67,2.0,1.5,1,1,2,2,1,1,4,1,5,4,0,0,1,0,0,0,0,1,14,13,7,4,7,9,5,19,53,47,1.84,9.0,4.34,2.05,3.2,4.6,1.53,2.6,5.2,13.0,2.15,1.61,D
1530540000,Brazil,Mexico,,2.33,2.0,2.0,1.5,2,0,2,0,0,0,"51,88",,8,7,2,0,4,0,1,1,1,3,17,7,11,2,6,5,6,17,48,52,2.17,12.66,2.67,1.5,4.35,8.0,1.29,1.91,3.25,6.5,2.0,1.71,W
1530554400,Belgium,Japan,,3.0,1.33,2.57,1.0,3,2,5,0,0,0,"69,74,90'4","48,52",10,6,0,0,1,0,0,0,1,0,18,9,9,5,9,4,13,9,57,43,3.17,9.66,3.0,1.38,5.05,9.75,1.25,1.8,3.0,6.0,2.0,1.71,W
1530626400,Sweden,Switzerland,,2.0,1.67,1.8,1.25,1,0,1,0,0,0,66,,3,11,1,0,2,1,1,0,0,3,10,9,4,5,6,4,11,13,32,68,2.67,9.0,4.0,3.35,2.95,2.6,1.57,2.75,5.65,10.5,2.2,1.59,W
1530640800,Colombia,England,,2.0,2.0,1.75,1.43,1,1,2,0,0,0,90'3,57,2,7,6,0,2,0,1,5,0,2,12,12,5,3,7,9,23,13,47,53,3.0,9.34,2.34,4.0,3.25,2.15,1.51,2.55,5.1,10.5,2.15,1.62,D
1530885600,Uruguay,France,,3.0,2.5,2.4,2.71,0,2,2,1,0,1,,"40,61",4,3,2,0,2,0,1,1,1,1,11,11,5,3,6,8,17,15,38,62,2.38,6.5,1.75,4.55,3.15,2.05,1.59,2.75,5.75,13.0,2.3,1.56,L
1530900000,Brazil,Belgium,,2.5,3.0,2.0,2.57,1,2,3,2,0,2,76,"13,31",8,4,2,0,2,0,0,2,0,2,17,8,10,4,7,4,14,16,58,42,3.0,14.75,2.5,2.15,3.55,3.8,1.25,1.77,2.95,5.5,1.62,2.15,L
1530972000,Sweden,England,,2.25,1.75,1.8,1.43,0,2,2,1,0,1,,"30,58",1,6,2,0,1,0,0,2,0,1,6,7,4,3,2,4,10,7,42,58,2.63,9.75,2.5,5.3,3.3,1.95,1.48,2.45,4.8,10.0,2.15,1.62,L
1530986400,Russia,Croatia,,1.75,2.5,1.6,2.0,2,2,4,2,1,1,"31,115","39,100",6,8,1,0,4,0,0,1,2,2,13,15,6,4,7,11,25,18,35,65,3.0,9.5,3.75,4.3,3.25,2.05,1.5,2.5,5.0,12.0,2.1,1.65,D
1531245600,France,Belgium,,2.6,3.0,2.71,2.57,1,0,1,0,0,0,51,,4,5,2,0,3,0,0,2,0,3,14,9,6,4,8,5,6,16,36,64,3.2,9.0,3.0,2.45,3.3,3.2,1.33,2.0,3.6,6.5,1.71,2.0,W
1531332000,Croatia,England,,2.2,2.0,2.0,1.43,2,1,3,1,0,1,"68,109",5,8,4,2,0,1,0,0,2,0,1,19,9,8,3,11,6,23,14,55,45,2.9,11.2,3.4,3.45,3.05,2.35,1.49,2.5,4.9,15.0,2.05,1.69,W
1531576800,Belgium,England,,2.5,1.67,2.57,1.43,2,0,2,1,1,0,"4,82",,4,5,1,0,2,0,0,1,0,2,8,14,5,7,3,7,11,4,42,58,3.17,11.5,2.67,2.3,3.75,3.1,1.2,1.62,2.6,6.5,1.56,2.3,W
1531666800,France,Croatia,,2.67,2.33,2.71,2.0,4,2,6,3,2,1,"18,38,59,65","28,69",2,6,2,0,1,0,2,0,0,1,7,14,7,5,0,9,13,13,34,66,2.58,8.84,4.0,2.0,3.25,4.55,1.57,2.75,5.65,15.0,2.25,1.57,W
